,X,detectionID,surveyID,species,d1,d2,d3,d4,Year
47,13166,13254,1178,TUTI,95,95,95,95,2017
53,18606,18704,1628,TUTI,95,95,95,95,2019
56,6309,6373,602,OVEN,-50,95,95,95,2016
93,15529,15619,1394,BLJA,-50,85,85,95,2018
98,12248,12333,1102,BAWW,75,-50,75,95,2017
107,12163,12248,1056,OVEN,95,95,-50,95,2017
115,13959,14047,1244,HOWA,-50,95,-50,95,2017
181,12166,12251,1056,OVEN,-50,-50,-50,95,2017
182,12174,12259,1056,OVEN,-50,-50,-50,95,2017
205,14762,14851,1264,HOWA,85,85,95,95,2017
226,13287,13375,1190,OVEN,95,95,95,95,2017
239,17990,18087,1548,OVEN,95,95,95,95,2019
242,17993,18090,1549,OVEN,75,95,95,95,2019
286,11495,11579,956,OVEN,-50,-50,95,95,2016
291,13284,13372,1190,OVEN,-50,-50,95,95,2017
293,13609,13697,1211,HOWA,-50,-50,95,95,2017
309,18353,18451,1616,BTNW,-50,-50,95,95,2019
313,10131,10214,854,BTNW,-50,85,65,95,2016
325,12327,12412,1112,OVEN,95,95,-50,95,2017
328,18000,18097,1551,TUTI,95,95,-50,95,2019
336,13164,13252,1178,BTNW,-50,95,-50,95,2017
337,14734,14823,1248,TUTI,-50,95,-50,95,2017
353,10196,10279,937,BAWW,45,-50,-50,95,2016
373,12244,12329,1102,OVEN,-50,-50,-50,95,2017
385,18350,18448,1616,OVEN,-50,-50,-50,95,2019
432,18340,18438,1614,HOWA,-50,-50,95,85,2019
472,12273,12358,1107,BTNW,85,85,85,85,2017
481,13390,13478,1200,BLJA,85,85,85,85,2017
492,18374,18472,1617,BLJA,85,85,85,85,2019
493,18376,18474,1617,BLJA,85,85,85,85,2019
507,6347,6411,604,OVEN,-50,85,85,85,2016
547,9051,9133,839,OVEN,85,-50,85,85,2016
552,13169,13257,1178,BAWW,85,-50,85,85,2017
608,18596,18694,1626,BAWW,-50,-50,85,85,2019
625,18395,18493,1619,TUTI,75,75,45,85,2019
677,18088,18185,1606,TUTI,85,-50,-50,85,2019
710,6338,6402,604,OVEN,-50,-50,-50,85,2016
753,10199,10282,938,OVEN,-50,-50,-50,85,2016
754,10230,10313,938,OVEN,-50,-50,-50,85,2016
755,10412,10495,944,TUTI,-50,-50,-50,85,2016
767,12172,12257,1056,BLJA,-50,-50,-50,85,2017
796,15530,15620,1394,TUTI,85,85,85,85,2018
798,16373,17225,1436,BLJA,75,75,-50,85,2018
853,15501,15591,1390,BTNW,35,35,65,85,2018
857,8193,8270,773,TUTI,-50,85,-50,85,2016
868,14733,14822,1248,HOWA,85,85,85,85,2017
894,13586,13674,1205,TUTI,85,85,85,85,2017
930,12259,12344,1105,OVEN,85,85,85,85,2017
942,13907,13995,1222,TUTI,85,85,85,85,2017
954,17992,18089,1549,OVEN,85,85,85,85,2019
956,18351,18449,1616,OVEN,85,85,85,85,2019
980,13874,13962,1214,BTNW,-50,85,85,85,2017
1051,18641,18739,1631,OVEN,-50,-50,85,85,2019
1071,10201,10284,938,OVEN,85,85,-50,85,2016
1073,11486,11570,956,OVEN,85,85,-50,85,2016
1076,13336,13424,1195,OVEN,85,85,-50,85,2017
1080,16363,17214,1434,TUTI,85,85,-50,85,2018
1081,18525,18623,1620,BTNW,85,85,-50,85,2019
1087,13279,13367,1189,OVEN,-50,85,-50,85,2017
1099,14738,14827,1252,OVEN,75,35,-50,85,2017
1111,9167,9249,845,BLJA,75,-50,-50,85,2016
1137,8966,9048,835,OVEN,-50,-50,-50,85,2016
1140,11508,11592,970,BTNW,-50,-50,-50,85,2016
1156,13887,13975,1214,BTNW,-50,-50,-50,85,2017
1157,13888,13976,1215,BTNW,-50,-50,-50,85,2017
1180,18329,18426,1614,TUTI,-50,-50,-50,85,2019
1229,15705,15795,1396,OVEN,-50,-50,-50,85,2018
1267,16434,17286,1542,OVEN,85,85,85,85,2019
1275,16396,17248,1437,OVEN,85,-50,85,85,2018
1293,8251,8329,779,BLJA,-50,-50,-50,85,2016
1302,14747,14836,1254,BTNW,-50,85,85,85,2017
1404,12298,12383,1110,HOWA,35,75,75,75,2017
1432,10410,10493,944,OVEN,-50,75,75,75,2016
1458,13926,14014,1224,OVEN,75,-50,75,75,2017
1517,18685,18783,1656,BTNW,-50,-50,75,75,2019
1542,12196,12281,1073,BTNW,35,35,35,75,2017
1576,9029,9111,840,BLJA,-50,75,-50,75,2016
1592,12324,12409,1112,OVEN,75,-50,-50,75,2017
1634,6383,6447,606,OVEN,-50,-50,-50,75,2016
1657,8030,8106,757,TUTI,-50,-50,-50,75,2016
1693,12227,12312,1101,BAWW,-50,-50,-50,75,2017
1694,12228,12313,1101,OVEN,-50,-50,-50,75,2017
1727,21817,21942,1906,HOWA,-50,-50,-50,75,2020
1735,14745,14834,1254,OVEN,75,75,75,75,2017
1800,15854,15946,1426,OVEN,-50,-50,-50,75,2018
1871,18661,18759,1654,BAWW,65,-50,95,75,2019
1916,6293,6357,601,HOWA,75,75,75,75,2016
1918,8075,8152,760,OVEN,75,75,75,75,2016
1919,8408,8487,786,TUTI,75,75,75,75,2016
1938,13587,13675,1205,HOWA,75,75,75,75,2017
1939,13596,13684,1211,TUTI,75,75,75,75,2017
1941,13880,13968,1214,BLJA,75,75,75,75,2017
1953,16436,17288,1542,BTNW,75,75,75,75,2019
1962,13597,13685,1211,HOWA,45,75,75,75,2017
1975,10191,10274,937,OVEN,-50,75,75,75,2016
1986,13296,13384,1190,OVEN,-50,75,75,75,2017
2032,8131,8208,766,OVEN,-50,-50,75,75,2016
2036,10315,10398,942,OVEN,-50,-50,75,75,2016
2067,15417,15507,1355,HOWA,-50,75,55,75,2018
2080,18384,18482,1618,HOWA,55,5,35,75,2019
2081,13265,13353,1188,BTNW,-50,-50,35,75,2017
2098,13140,13228,1117,BTNW,75,75,-50,75,2017
2111,11499,11583,970,BAWW,-50,75,-50,75,2016
2114,13120,13208,1114,HOWA,-50,75,-50,75,2017
2123,6335,6399,604,BTNW,75,-50,-50,75,2016
2129,16414,17266,1540,HOWA,75,-50,-50,75,2019
2170,11485,11569,949,OVEN,-50,-50,-50,75,2016
2182,13648,13736,1212,BTNW,-50,-50,-50,75,2017
2188,14740,14829,1252,TUTI,-50,-50,-50,75,2017
2254,15850,15942,1425,BTNW,-50,-50,-50,75,2018
2255,15885,15977,1428,BAWW,-50,-50,-50,75,2018
2273,15502,15592,1390,OVEN,-50,75,75,75,2018
2287,8186,8263,773,TUTI,-50,75,-50,75,2016
2353,13217,13305,1183,OVEN,-50,75,75,75,2017
2354,13244,13332,1186,OVEN,-50,75,75,75,2017
2372,18063,18160,1604,OVEN,-50,85,85,65,2019
2376,18008,18105,1603,TUTI,35,75,75,65,2019
2388,12147,12232,1056,OVEN,95,65,65,65,2017
2454,12316,12401,1110,BAWW,65,65,65,65,2017
2494,6313,6377,602,OVEN,-50,65,65,65,2016
2520,9041,9123,839,BAWW,45,45,65,65,2016
2521,11501,11585,970,BTNW,45,45,65,65,2016
2527,6304,6368,601,OVEN,65,-50,65,65,2016
2532,7997,8073,750,OVEN,65,-50,65,65,2016
2569,8829,8911,789,BAWW,-50,-50,65,65,2016
2588,13607,13695,1211,BTNW,-50,-50,65,65,2017
2600,19969,20070,1667,BLJA,-50,-50,65,65,2019
2637,9060,9142,839,OVEN,65,65,-50,65,2016
2784,10103,10186,852,OVEN,-50,-50,-50,65,2016
2794,11540,11624,1051,HOWA,-50,-50,-50,65,2017
2825,19956,20057,1660,BLJA,-50,-50,-50,65,2019
2830,21417,21540,1889,BLJA,-50,-50,-50,65,2020
2831,21865,21990,1907,BLJA,-50,-50,-50,65,2020
2832,21866,21991,1907,BLJA,-50,-50,-50,65,2020
2877,14890,14980,1348,TUTI,65,-50,65,65,2018
2878,16326,17177,1432,BAWW,65,-50,65,65,2018
2888,13207,13295,1182,BAWW,-50,-50,15,65,2017
2920,15890,15982,1429,OVEN,-50,65,65,65,2018
2928,9009,9091,836,TUTI,-50,-50,65,65,2016
2983,21172,21295,1852,BLJA,-50,-50,-50,65,2020
2987,15467,15557,1370,TUTI,-50,-50,85,65,2018
2994,13599,13687,1211,OVEN,75,75,75,65,2017
3007,17999,18096,1551,BTNW,75,65,65,65,2019
3046,6305,6369,601,OVEN,65,65,65,65,2016
3049,8311,8390,785,BTNW,65,65,65,65,2016
3052,8884,8966,798,OVEN,65,65,65,65,2016
3078,14862,14952,1346,BLJA,65,65,65,65,2018
3083,16412,17264,1540,OVEN,65,65,65,65,2019
3084,16426,17278,1541,OVEN,65,65,65,65,2019
3107,11488,11572,956,OVEN,-50,65,65,65,2016
3118,16372,17223,1435,OVEN,-50,65,65,65,2018
3119,16431,17283,1542,BTNW,-50,65,65,65,2019
3171,7974,8050,750,OVEN,-50,-50,65,65,2016
3176,9046,9128,839,OVEN,-50,-50,65,65,2016
3193,13298,13386,1191,HOWA,-50,-50,65,65,2017
3201,15847,15939,1425,BAWW,-50,-50,65,65,2018
3206,16420,17272,1541,BAWW,-50,-50,65,65,2019
3219,11544,11628,1051,HOWA,25,45,45,65,2017
3227,10188,10271,937,HOWA,55,-50,45,65,2016
3280,12192,12277,1073,HOWA,65,-50,-50,65,2017
3285,15879,15971,1428,BAWW,65,-50,-50,65,2018
3321,10274,10357,941,BTNW,-50,-50,-50,65,2016
3339,14867,14957,1346,BAWW,-50,-50,-50,65,2018
3349,17997,18094,1549,BAWW,-50,-50,-50,65,2019
3353,18507,18605,1620,OVEN,-50,-50,-50,65,2019
3368,15848,15940,1425,BTNW,45,65,75,65,2018
3393,9188,9270,850,OVEN,65,45,-50,65,2016
3441,14873,14963,1346,HOWA,-50,-50,65,65,2018
3448,15686,15776,1395,OVEN,-50,65,-50,65,2018
3451,16369,17220,1435,BAWW,65,-50,-50,65,2018
3459,14930,15020,1351,BLJA,-50,-50,-50,65,2018
3485,9170,9252,845,BTNW,55,55,65,65,2016
3487,9196,9278,850,OVEN,75,-50,65,65,2016
3519,15749,15839,1400,OVEN,-50,-50,-50,65,2018
3533,18664,18762,1654,HOWA,85,85,85,55,2019
3540,14822,14912,1333,HOWA,-50,-50,85,55,2018
3556,10193,10276,937,HOWA,75,75,55,55,2016
3639,10181,10264,936,OVEN,55,55,55,55,2016
3645,11506,11590,970,OVEN,55,55,55,55,2016
3646,12183,12268,1069,OVEN,55,55,55,55,2017
3647,12283,12368,1108,BAWW,55,55,55,55,2017
3652,13115,13203,1113,HOWA,55,55,55,55,2017
3675,18367,18465,1617,OVEN,45,55,55,55,2019
3751,14834,14924,1335,BLJA,35,-50,55,55,2018
3752,15770,15861,1420,HOWA,35,-50,55,55,2018
3800,13380,13468,1199,OVEN,-50,-50,55,55,2017
3805,15500,15590,1390,HOWA,-50,-50,55,55,2018
3843,12164,12249,1056,HOWA,-50,-50,25,55,2017
3886,9040,9122,839,OVEN,-50,55,-50,55,2016
3908,14746,14835,1254,BAWW,55,-50,-50,55,2017
3951,6353,6417,604,TUTI,-50,-50,-50,55,2016
4006,17931,18028,1546,OVEN,-50,-50,-50,55,2019
4016,18677,18775,1656,BLJA,-50,-50,-50,55,2019
4025,21739,21864,1892,OVEN,-50,-50,-50,55,2020
4026,21831,21956,1906,BTNW,-50,-50,-50,55,2020
4041,15429,15519,1355,BLJA,-50,-50,-50,55,2018
4045,15515,15605,1392,OVEN,-50,-50,75,55,2018
4075,8310,8389,785,HOWA,75,75,-50,55,2016
4087,9171,9253,848,HOWA,-50,-50,-50,55,2016
4115,8952,9034,832,OVEN,-50,-50,55,55,2016
4124,14838,14928,1337,OVEN,55,-50,-50,55,2018
4132,9172,9254,848,BTNW,-50,-50,-50,55,2016
4136,14874,14964,1347,OVEN,-50,-50,-50,55,2018
4158,15450,15540,1357,OVEN,55,55,55,55,2018
4159,15693,15783,1395,TUTI,55,55,55,55,2018
4160,16375,17227,1436,OVEN,55,55,55,55,2018
4164,8252,8330,780,OVEN,-50,55,55,55,2016
4166,15855,15947,1426,TUTI,-50,55,55,55,2018
4172,11724,11808,1053,OVEN,55,-50,55,55,2017
4205,15448,15538,1356,TUTI,-50,-50,-50,55,2018
4213,8207,8284,775,BTNW,75,75,75,55,2016
4238,8916,8998,830,OVEN,75,75,55,55,2016
4240,18655,18753,1653,OVEN,75,75,55,55,2019
4299,7932,8008,749,BTNW,55,55,55,55,2016
4300,8038,8115,757,OVEN,55,55,55,55,2016
4303,8419,8498,787,BAWW,55,55,55,55,2016
4325,16383,17235,1436,BTNW,55,55,55,55,2018
4334,18001,18098,1551,HOWA,55,55,55,55,2019
4335,18334,18431,1614,OVEN,55,55,55,55,2019
4341,21127,21250,1844,TUTI,55,55,55,55,2020
4349,10197,10280,937,OVEN,25,55,55,55,2016
4385,7861,7937,744,OVEN,-50,35,55,55,2016
4394,8080,8157,762,BTNW,55,-50,55,55,2016
4406,6325,6389,603,OVEN,35,-50,55,55,2016
4426,7655,7731,725,OVEN,-50,-50,55,55,2016
4448,13224,13312,1184,HOWA,-50,-50,55,55,2017
4449,13303,13391,1191,HOWA,-50,-50,55,55,2017
4450,13307,13395,1193,HOWA,-50,-50,55,55,2017
4483,19998,20099,1676,TUTI,35,-50,35,55,2019
4540,8873,8955,798,BAWW,-50,55,-50,55,2016
4563,8148,8225,768,OVEN,55,-50,-50,55,2016
4603,6303,6367,601,BAWW,-50,-50,-50,55,2016
4606,8054,8131,758,BTNW,-50,-50,-50,55,2016
4607,8079,8156,761,BTNW,-50,-50,-50,55,2016
4608,8144,8221,768,OVEN,-50,-50,-50,55,2016
4612,8833,8915,789,OVEN,-50,-50,-50,55,2016
4613,8961,9043,832,OVEN,-50,-50,-50,55,2016
4625,11548,11632,1052,BAWW,-50,-50,-50,55,2017
4647,15428,15518,1355,BLJA,-50,-50,-50,55,2018
4665,17933,18030,1546,HOWA,-50,-50,-50,55,2019
4704,16413,17265,1540,BAWW,55,55,55,55,2019
4713,15777,15868,1420,HOWA,35,35,55,55,2018
4720,15505,15595,1391,OVEN,-50,-50,55,55,2018
4721,15732,15822,1398,BTNW,-50,-50,55,55,2018
4727,15477,15567,1370,HOWA,55,55,-50,55,2018
4763,14731,14820,1248,BAWW,-50,55,55,55,2017
4779,15871,15963,1427,HOWA,25,55,25,55,2018
4789,9218,9300,851,HOWA,-50,-50,-50,55,2016
4791,10573,10656,947,HOWA,-50,-50,-50,55,2016
4795,15774,15865,1420,BTNW,-50,-50,-50,55,2018
4812,9176,9258,845,HOWA,55,55,55,55,2016
4813,9192,9274,850,OVEN,55,55,55,55,2016
4832,8954,9036,832,OVEN,55,55,-50,55,2016
4852,15870,15962,1426,BAWW,-50,-50,-50,55,2018
4864,8418,8497,787,HOWA,55,55,55,55,2016
4890,13595,13683,1205,OVEN,-50,-50,75,45,2017
4898,7935,8011,749,OVEN,-50,-50,65,45,2016
4921,10108,10191,853,HOWA,35,55,45,45,2016
4926,11509,11593,1049,HOWA,65,45,45,45,2017
4999,8205,8282,775,OVEN,45,45,45,45,2016
5020,10111,10194,853,OVEN,45,45,45,45,2016
5038,12184,12269,1069,OVEN,45,45,45,45,2017
5042,13193,13281,1181,OVEN,45,45,45,45,2017
5043,13354,13442,1197,OVEN,45,45,45,45,2017
5058,16435,17287,1542,OVEN,45,45,45,45,2019
5071,18077,18174,1605,OVEN,45,45,45,45,2019
5075,19994,20095,1676,OVEN,45,45,45,45,2019
5076,20164,20268,1682,OVEN,45,45,45,45,2019
5083,13910,13998,1222,HOWA,35,45,45,45,2017
5088,8227,8304,776,TUTI,15,45,45,45,2016
5119,10110,10193,853,HOWA,-50,45,45,45,2016
5144,6333,6397,604,HOWA,15,35,45,45,2016
5150,7862,7938,743,OVEN,25,25,45,45,2016
5208,6337,6401,604,BAWW,-50,-50,45,45,2016
5225,10253,10336,941,OVEN,-50,-50,45,45,2016
5228,11519,11603,1049,BTNW,-50,-50,45,45,2017
5258,20941,21064,1828,OVEN,-50,-50,45,45,2020
5259,21141,21264,1849,TUTI,-50,-50,45,45,2020
5332,13133,13221,1115,OVEN,45,45,-50,45,2017
5428,10134,10217,935,BAWW,-50,-50,-50,45,2016
5445,13156,13244,1176,HOWA,-50,-50,-50,45,2017
5446,13178,13266,1179,HOWA,-50,-50,-50,45,2017
5487,21868,21993,1907,BTNW,-50,-50,-50,45,2020
5509,7978,8054,753,BAWW,-50,-50,-50,45,2016
5532,7934,8010,749,BTNW,45,45,45,45,2016
5533,9099,9181,841,OVEN,45,45,45,45,2016
5552,13249,13337,1186,BAWW,45,-50,45,45,2017
5553,8242,8320,780,BAWW,45,-50,45,45,2016
5577,9141,9223,844,HOWA,35,35,-50,45,2016
5652,8246,8324,780,OVEN,45,45,45,45,2016
5664,16327,17178,1432,OVEN,45,-50,45,45,2018
5684,8423,8502,787,BLJA,-50,-50,-50,45,2016
5691,18335,18432,1614,BAWW,75,75,75,45,2019
5719,18613,18711,1629,HOWA,-50,85,45,45,2019
5722,13141,13229,1117,OVEN,75,75,45,45,2017
5729,8321,8400,785,HOWA,65,65,45,45,2016
5796,8189,8266,773,OVEN,45,45,45,45,2016
5800,8831,8913,789,BAWW,45,45,45,45,2016
5805,10268,10351,941,BTNW,45,45,45,45,2016
5825,13246,13334,1186,OVEN,45,45,45,45,2017
5841,16335,17186,1432,OVEN,45,45,45,45,2018
5858,20186,20291,1683,TUTI,45,45,45,45,2019
5887,16423,17275,1541,BTNW,-50,45,45,45,2019
5899,6327,6391,603,BAWW,45,45,45,45,2016
5913,10407,10490,944,OVEN,25,25,45,45,2016
5939,16393,17245,1437,OVEN,45,-50,45,45,2018
5959,10123,10206,854,OVEN,-50,-50,45,45,2016
5996,21757,21882,1905,TUTI,25,25,35,45,2020
5998,8255,8333,779,OVEN,25,25,35,45,2016
6006,10255,10338,941,HOWA,25,25,25,45,2016
6009,6367,6431,605,BAWW,45,15,25,45,2016
6015,6334,6398,604,HOWA,15,15,15,45,2016
6066,8220,8297,777,OVEN,65,-50,-50,45,2016
6121,6381,6445,606,BAWW,-50,-50,-50,45,2016
6124,8057,8134,758,OVEN,-50,-50,-50,45,2016
6125,8212,8289,777,OVEN,-50,-50,-50,45,2016
6165,15711,15801,1396,OVEN,-50,-50,-50,45,2018
6166,15764,15854,1401,OVEN,-50,-50,-50,45,2018
6188,18608,18706,1628,BAWW,-50,-50,-50,45,2019
6257,8975,9057,836,OVEN,45,-50,NA,45,2016
6289,9005,9087,836,BTNW,-50,45,45,45,2016
6301,8317,8396,785,BTNW,-50,-50,45,45,2016
6302,13227,13315,1184,HOWA,-50,-50,45,45,2017
6319,7838,7914,741,OVEN,-50,-50,-50,45,2016
6321,8319,8398,785,OVEN,-50,-50,-50,45,2016
6385,15760,15850,1401,OVEN,45,-50,-50,45,2018
6391,8013,8089,755,OVEN,-50,-50,-50,45,2016
6451,8047,8124,758,BTNW,-50,55,55,35,2016
6486,13486,13574,1203,OVEN,55,55,35,35,2017
6493,7976,8052,750,BTNW,45,45,35,35,2016
6552,6343,6407,604,HOWA,35,35,35,35,2016
6580,8229,8307,778,BTNW,35,35,35,35,2016
6590,10127,10210,854,OVEN,35,35,35,35,2016
6593,10214,10297,938,OVEN,35,35,35,35,2016
6594,10313,10396,942,OVEN,35,35,35,35,2016
6619,14753,14842,1254,BTNW,35,35,35,35,2017
6628,18007,18104,1603,OVEN,35,35,35,35,2019
6643,11512,11596,1049,OVEN,35,35,35,35,2017
6675,13278,13366,1189,OVEN,-50,35,35,35,2017
6695,7652,7728,725,BAWW,-50,25,35,35,2016
6696,7639,7715,724,TUTI,25,25,35,35,2016
6700,18359,18457,1616,BLJA,65,15,35,35,2019
6704,18592,18690,1626,TUTI,5,5,35,35,2019
6705,18593,18691,1626,TUTI,5,5,35,35,2019
6714,10224,10307,938,OVEN,35,-50,35,35,2016
6786,20932,21055,1824,OVEN,-50,-50,35,35,2020
6791,8303,8382,784,OVEN,45,35,35,35,2016
6792,6363,6427,605,BTNW,25,35,35,35,2016
6795,8315,8394,785,OVEN,-50,-50,35,35,2016
6821,18069,18166,1605,OVEN,65,65,-50,35,2019
6822,8185,8262,772,OVEN,45,65,-50,35,2016
6841,12186,12271,1069,OVEN,35,35,-50,35,2017
6846,18524,18622,1620,OVEN,35,35,-50,35,2019
6869,8283,8361,782,BAWW,-50,35,-50,35,2016
6979,13159,13247,1176,BAWW,-50,-50,-50,35,2017
6980,13325,13413,1194,BAWW,-50,-50,-50,35,2017
6981,13593,13681,1205,OVEN,-50,-50,-50,35,2017
7003,18098,18195,1607,HOWA,-50,-50,-50,35,2019
7018,19954,20055,1660,OVEN,-50,-50,-50,35,2019
7097,8118,8195,765,BAWW,35,35,35,35,2016
7102,8960,9042,832,OVEN,35,35,35,35,2016
7111,14853,14943,1338,OVEN,35,35,35,35,2018
7115,16399,17251,1437,OVEN,35,35,35,35,2018
7165,19958,20059,1658,BAWW,5,5,-50,35,2019
7177,8069,8146,760,HOWA,-50,-50,-50,35,2016
7180,13262,13350,1187,HOWA,-50,-50,-50,35,2017
7185,14843,14933,1337,OVEN,-50,-50,-50,35,2018
7187,14914,15004,1350,HOWA,-50,-50,-50,35,2018
7212,7841,7917,741,BTNW,35,35,35,35,2016
7221,21214,21337,1853,OVEN,35,35,35,35,2020
7236,14877,14967,1347,HOWA,-50,-50,35,35,2018
7249,8948,9030,832,BAWW,35,35,-50,35,2016
7277,9100,9182,841,OVEN,35,35,35,35,2016
7278,9214,9296,851,OVEN,35,35,35,35,2016
7280,15866,15958,1426,OVEN,35,35,35,35,2018
7284,13223,13311,1183,OVEN,-50,35,35,35,2017
7310,13208,13296,1182,OVEN,-50,-50,-50,35,2017
7373,8953,9035,833,BAWW,45,45,35,35,2016
7376,8219,8296,776,BAWW,15,45,35,35,2016
7429,6290,6354,601,HOWA,35,35,35,35,2016
7430,6292,6356,601,OVEN,35,35,35,35,2016
7443,8813,8895,789,HOWA,35,35,35,35,2016
7444,8821,8903,789,OVEN,35,35,35,35,2016
7454,10317,10400,942,BAWW,35,35,35,35,2016
7458,11550,11634,1052,OVEN,35,35,35,35,2017
7473,13321,13409,1194,OVEN,35,35,35,35,2017
7474,13329,13417,1195,OVEN,35,35,35,35,2017
7485,14758,14847,1264,BTNW,35,35,35,35,2017
7487,14849,14939,1338,OVEN,35,35,35,35,2018
7489,14911,15001,1350,TUTI,35,35,35,35,2018
7494,15765,15855,1401,BAWW,35,35,35,35,2018
7495,15865,15957,1426,BTNW,35,35,35,35,2018
7525,19962,20063,1667,OVEN,35,35,35,35,2019
7527,20162,20266,1682,OVEN,35,35,35,35,2019
7531,21121,21244,1844,OVEN,35,35,35,35,2020
7551,7640,7716,724,TUTI,-50,35,35,35,2016
7556,11493,11577,956,OVEN,-50,35,35,35,2016
7567,14739,14828,1252,BAWW,-50,35,35,35,2017
7572,17885,17982,1543,BAWW,-50,35,35,35,2019
7595,8973,9055,835,BAWW,25,25,35,35,2016
7601,13180,13268,1180,OVEN,-50,15,35,35,2017
7622,15902,15994,1429,BAWW,35,-50,35,35,2018
7628,21798,21923,1905,HOWA,15,-50,35,35,2020
7682,16407,17259,1438,HOWA,-50,-50,35,35,2018
7708,21249,21372,1862,TUTI,-50,-50,35,35,2020
7724,18086,18183,1606,BTNW,-50,-50,25,35,2019
7729,9184,9266,848,HOWA,45,-50,15,35,2016
7743,12180,12265,1069,OVEN,-50,55,-50,35,2017
7758,9215,9297,851,TUTI,35,35,-50,35,2016
7763,13294,13382,1190,OVEN,35,35,-50,35,2017
7770,9181,9263,845,OVEN,25,35,-50,35,2016
7780,16324,17175,1431,HOWA,-50,35,-50,35,2018
7793,6317,6381,602,OVEN,55,-50,-50,35,2016
7832,7980,8056,753,BAWW,-50,-50,-50,35,2016
7834,8847,8929,797,TUTI,-50,-50,-50,35,2016
7835,9006,9088,836,HOWA,-50,-50,-50,35,2016
7849,12187,12272,1069,OVEN,-50,-50,-50,35,2017
7897,21120,21243,1844,OVEN,-50,-50,-50,35,2020
7900,21252,21375,1862,BAWW,-50,-50,-50,35,2020
7907,21886,22011,1908,BLJA,-50,-50,-50,35,2020
7924,8410,8489,786,HOWA,35,35,35,35,2016
7930,15877,15969,1428,HOWA,35,35,35,35,2018
7956,15410,15500,1354,OVEN,-50,-50,-50,35,2018
7959,19988,20089,1674,OVEN,-50,-50,-50,35,2019
7973,10104,10187,852,HOWA,75,55,35,35,2016
7992,14845,14935,1337,HOWA,35,35,35,35,2018
8015,15868,15960,1426,HOWA,-50,-50,35,35,2018
8020,15405,15495,1354,TUTI,-50,45,-50,35,2018
8026,7873,7949,745,BTNW,-50,35,-50,35,2016
8029,15883,15975,1428,HOWA,15,25,-50,35,2018
8038,19968,20069,1658,BLJA,-50,-50,-50,35,2019
8050,14749,14838,1254,BTNW,45,45,35,35,2017
8089,8228,8305,777,OVEN,-50,25,15,35,2016
8096,8870,8952,798,BAWW,15,35,-50,35,2016
8099,8010,8086,754,BTNW,55,-50,-50,35,2016
8115,9186,9268,848,OVEN,-50,-50,-50,35,2016
8139,15708,15798,1396,BAWW,35,35,35,35,2018
8143,9076,9158,841,OVEN,25,25,35,35,2016
8167,10389,10472,944,HOWA,55,55,55,25,2016
8168,18605,18703,1627,OVEN,75,65,45,25,2019
8197,13117,13205,1114,BAWW,-50,85,25,25,2017
8223,13277,13365,1189,OVEN,75,25,25,25,2017
8225,8216,8293,776,BTNW,55,25,25,25,2016
8314,10296,10379,942,OVEN,25,25,25,25,2016
8323,11524,11608,1050,OVEN,25,25,25,25,2017
8337,13280,13368,1189,BAWW,25,25,25,25,2017
8354,15685,15775,1395,OVEN,25,25,25,25,2018
8375,19944,20045,1660,OVEN,25,25,25,25,2019
8376,19946,20047,1660,OVEN,25,25,25,25,2019
8378,20147,20251,1682,OVEN,25,25,25,25,2019
8379,20209,20314,1684,OVEN,25,25,25,25,2019
8397,21003,21126,1832,OVEN,15,25,25,25,2020
8427,11503,11587,970,BTNW,-50,25,25,25,2016
8436,14844,14934,1337,OVEN,-50,25,25,25,2018
8486,10132,10215,854,OVEN,25,-50,25,25,2016
8488,13328,13416,1195,OVEN,25,-50,25,25,2017
8489,13341,13429,1196,BAWW,25,-50,25,25,2017
8491,15696,15786,1395,OVEN,25,-50,25,25,2018
8571,20193,20298,1683,OVEN,-50,-50,25,25,2019
8575,20947,21070,1828,OVEN,-50,-50,25,25,2020
8582,15688,15778,1395,OVEN,35,35,25,25,2018
8604,21863,21988,1907,OVEN,15,5,5,25,2020
8711,8022,8098,754,HOWA,-50,-50,-50,25,2016
8712,8084,8161,762,OVEN,-50,-50,-50,25,2016
8717,8818,8900,789,BLJA,-50,-50,-50,25,2016
8739,13161,13249,1177,TUTI,-50,-50,-50,25,2017
8761,17930,18027,1546,BAWW,-50,-50,-50,25,2019
8766,18704,18802,1657,OVEN,-50,-50,-50,25,2019
8773,19975,20076,1667,TUTI,-50,-50,-50,25,2019
8774,20158,20262,1682,TUTI,-50,-50,-50,25,2019
8779,20992,21115,1832,TUTI,-50,-50,-50,25,2020
8795,13257,13345,1187,TUTI,25,25,25,25,2017
8819,16406,17258,1438,HOWA,25,-50,-50,25,2018
8832,20095,20197,1679,OVEN,55,45,45,25,2019
8841,8196,8273,773,HOWA,45,45,25,25,2016
8882,15451,15541,1357,OVEN,25,25,25,25,2018
8886,16316,17167,1430,HOWA,25,25,25,25,2018
8888,16409,17261,1438,BTNW,25,25,25,25,2018
8903,14858,14948,1346,BAWW,25,25,25,25,2018
8907,7855,7931,743,OVEN,25,-50,25,25,2016
8911,8222,8299,776,TUTI,15,-50,25,25,2016
8912,8224,8301,776,TUTI,15,-50,25,25,2016
8928,8023,8099,755,OVEN,NA,-50,15,25,2016
8929,8025,8101,755,OVEN,-50,-50,15,25,2016
8934,10101,10184,852,OVEN,25,25,-50,25,2016
8940,20108,20210,1680,HOWA,5,5,-50,25,2019
8941,8313,8392,785,OVEN,45,-50,-50,25,2016
8965,15718,15808,1397,BTNW,-50,-50,-50,25,2018
8971,20063,20164,1677,TUTI,-50,-50,-50,25,2019
8997,15425,15515,1355,TUTI,25,25,25,25,2018
9007,19945,20046,1658,OVEN,15,5,25,25,2019
9037,8235,8313,779,OVEN,35,25,25,25,2016
9049,13212,13300,1183,BAWW,25,25,25,25,2017
9063,8300,8379,781,OVEN,25,-50,25,25,2016
9072,21197,21320,1853,OVEN,35,15,15,25,2020
9077,14857,14947,1346,HOWA,-50,25,-50,25,2018
9125,21741,21866,1892,BTNW,25,25,35,25,2020
9128,18106,18203,1607,OVEN,-50,-50,35,25,2019
9129,21383,21506,1870,TUTI,-50,-50,35,25,2020
9135,21163,21286,1852,TUTI,65,35,25,25,2020
9144,8841,8923,797,HOWA,-50,45,25,25,2016
9168,6315,6379,602,BAWW,25,25,25,25,2016
9176,18005,18102,1552,BAWW,45,25,25,25,2019
9179,10392,10475,944,TUTI,45,25,25,25,2016
9222,8117,8194,765,BAWW,25,25,25,25,2016
9226,8845,8927,797,BAWW,25,25,25,25,2016
9251,13292,13380,1190,BAWW,25,25,25,25,2017
9252,13332,13420,1195,BAWW,25,25,25,25,2017
9253,13379,13467,1199,HOWA,25,25,25,25,2017
9256,13912,14000,1222,OVEN,25,25,25,25,2017
9261,14761,14850,1264,HOWA,25,25,25,25,2017
9262,14915,15005,1350,TUTI,25,25,25,25,2018
9267,16319,17170,1430,OVEN,25,25,25,25,2018
9279,18651,18749,1653,TUTI,25,25,25,25,2019
9280,18652,18750,1653,TUTI,25,25,25,25,2019
9295,20114,20217,1680,BAWW,25,25,25,25,2019
9297,20190,20295,1683,BAWW,25,25,25,25,2019
9305,21488,21611,1891,TUTI,25,25,25,25,2020
9316,7839,7915,741,BTNW,15,25,25,25,2016
9329,8951,9033,833,BAWW,-50,25,25,25,2016
9340,13168,13256,1178,OVEN,-50,25,25,25,2017
9349,19965,20066,1658,TUTI,-50,25,25,25,2019
9350,19974,20075,1667,OVEN,-50,25,25,25,2019
9366,20201,20306,1684,HOWA,15,15,25,25,2019
9388,14064,14153,1246,HOWA,15,-50,25,25,2017
9446,8236,8314,779,BAWW,25,25,25,25,2016
9448,20126,20229,1680,OVEN,25,25,25,25,2019
9470,19942,20043,1660,BAWW,35,15,15,25,2019
9484,21368,21491,1867,BAWW,5,5,5,25,2020
9487,10391,10474,944,HOWA,35,75,-50,25,2016
9488,13177,13265,1179,HOWA,-50,65,-50,25,2017
9533,14846,14936,1337,HOWA,25,15,-50,25,2018
9568,6380,6444,606,TUTI,-50,-50,-50,25,2016
9573,7653,7729,725,BLJA,-50,-50,-50,25,2016
9577,8296,8375,783,HOWA,-50,-50,-50,25,2016
9583,9126,9208,843,BAWW,-50,-50,-50,25,2016
9625,18082,18179,1606,TUTI,-50,-50,-50,25,2019
9639,20188,20293,1683,HOWA,-50,-50,-50,25,2019
9640,20452,20562,1801,BTNW,-50,-50,-50,25,2020
9641,20495,20605,1803,TUTI,-50,-50,-50,25,2020
9642,20539,20649,1806,HOWA,-50,-50,-50,25,2020
9652,21490,21613,1891,HOWA,-50,-50,-50,25,2020
9659,6345,6409,604,OVEN,25,25,25,25,2016
9663,8217,8294,777,BAWW,25,25,25,25,2016
9667,14865,14955,1346,BTNW,25,25,25,25,2018
9681,9200,9282,850,BAWW,35,15,-50,25,2016
9688,14727,14816,1248,OVEN,-50,65,65,25,2017
9695,8957,9039,832,HOWA,25,25,25,25,2016
9699,8206,8283,773,TUTI,NA,25,25,25,2016
9715,15776,15867,1420,BAWW,25,25,25,25,2018
9753,8111,8188,763,BAWW,35,NA,25,25,2016
9758,9085,9167,841,OVEN,25,25,25,25,2016
9769,9075,9157,841,BTNW,25,25,25,25,2016
9772,13258,13346,1187,OVEN,25,25,25,25,2017
9855,18610,18708,1628,BLJA,-50,-50,75,15,2019
9857,18639,18737,1631,BTNW,25,25,65,15,2019
9866,21396,21519,1889,HOWA,-50,-50,45,15,2020
9922,13130,13218,1115,BAWW,45,45,15,15,2017
9932,20213,20318,1684,HOWA,35,35,15,15,2019
9967,18663,18761,1654,OVEN,35,15,15,15,2019
9990,6318,6382,602,BAWW,15,15,15,15,2016
10001,9195,9277,848,HOWA,15,15,15,15,2016
10041,13137,13225,1117,BTNW,15,15,15,15,2017
10073,19951,20052,1660,OVEN,15,15,15,15,2019
10074,19971,20072,1667,OVEN,15,15,15,15,2019
10077,20191,20296,1683,BTNW,15,15,15,15,2019
10078,20230,20335,1685,HOWA,15,15,15,15,2019
10081,20301,20407,1800,OVEN,15,15,15,15,2020
10086,21133,21256,1848,BAWW,15,15,15,15,2020
10101,7658,7734,725,OVEN,-50,15,15,15,2016
10117,18642,18740,1631,BTNW,-50,15,15,15,2019
10191,19999,20100,1676,OVEN,-50,-50,15,15,2019
10192,20134,20238,1681,OVEN,-50,-50,15,15,2019
10193,20207,20312,1684,BAWW,-50,-50,15,15,2019
10201,12306,12391,1110,BTNW,55,45,15,15,2017
10212,17935,18032,1547,OVEN,-50,5,15,15,2019
10215,21479,21602,1890,BAWW,15,-50,15,15,2020
10249,15469,15559,1370,BAWW,15,15,-50,15,2018
10251,20963,21086,1830,BAWW,15,15,-50,15,2020
10258,12269,12354,1107,OVEN,-50,15,-50,15,2017
10372,20533,20643,1803,BAWW,-50,-50,-50,15,2020
10392,8982,9064,836,HOWA,15,35,35,15,2016
10401,10137,10220,935,OVEN,15,15,15,15,2016
10423,8116,8193,765,BLJA,-50,-50,55,15,2016
10441,10206,10289,938,BAWW,-50,15,25,15,2016
10531,15734,15824,1398,OVEN,15,15,15,15,2018
10548,20136,20240,1681,BAWW,-50,-50,-50,15,2019
10616,20151,20255,1682,OVEN,25,25,25,15,2019
10632,13114,13202,1113,HOWA,-50,25,25,15,2017
10639,21887,22012,1908,BAWW,5,15,15,15,2020
10650,15426,15516,1355,BAWW,15,5,15,15,2018
10675,21311,21434,1864,BTNW,25,25,15,15,2020
10677,14736,14825,1251,BTNW,25,25,15,15,2017
10693,7643,7719,724,BAWW,25,15,15,15,2016
10694,12197,12282,1073,OVEN,25,15,15,15,2017
10708,20520,20630,1803,HOWA,25,15,15,15,2020
10730,8320,8399,785,BTNW,15,15,15,15,2016
10747,12336,12421,1112,OVEN,15,15,15,15,2017
10756,15735,15825,1398,OVEN,15,15,15,15,2018
10786,19981,20082,1674,HOWA,15,15,15,15,2019
10805,21890,22015,1908,HOWA,15,15,15,15,2020
10807,13291,13379,1190,OVEN,5,15,15,15,2017
10826,21155,21278,1850,BAWW,-50,15,15,15,2020
10846,6366,6430,605,HOWA,-50,-50,15,15,2016
10864,20297,20403,1800,BTNW,-50,-50,15,15,2020
10865,20953,21076,1828,OVEN,-50,-50,15,15,2020
10877,15506,15596,1391,TUTI,65,-50,5,15,2018
10916,13309,13397,1193,BAWW,15,-50,-50,15,2017
10932,6301,6365,601,BAWW,-50,-50,-50,15,2016
10969,18633,18731,1630,OVEN,-50,-50,-50,15,2019
10996,8415,8494,787,HOWA,15,15,15,15,2016
11017,8233,8311,778,OVEN,15,15,15,15,2016
11035,9158,9240,844,OVEN,-50,-50,-50,15,2016
11038,15403,15493,1354,OVEN,-50,-50,-50,15,2018
11042,20122,20225,1680,BTNW,-50,-50,-50,15,2019
11050,19982,20083,1674,BTNW,-50,25,25,15,2019
11051,7981,8057,750,BTNW,-50,25,25,15,2016
11090,8107,8184,763,HOWA,-50,-50,-50,15,2016
11091,10121,10204,854,OVEN,-50,-50,-50,15,2016
11133,13492,13580,1203,TUTI,-50,15,15,5,2017
11136,21842,21967,1906,OVEN,5,5,15,5,2020
11149,9053,9135,839,BAWW,15,15,15,5,2016
11187,8105,8182,763,BAWW,15,5,5,5,2016
11222,20133,20237,1681,OVEN,5,5,5,5,2019
11237,20132,20236,1681,BTNW,5,5,5,5,2019
11268,13487,13575,1203,TUTI,-50,15,5,5,2017
11269,13491,13579,1203,TUTI,-50,-50,5,5,2017
11309,7895,7971,747,BAWW,-50,-50,-50,5,2016
11313,10308,10391,942,OVEN,-50,-50,-50,5,2016
11345,15901,15993,1429,TUTI,-50,5,-50,5,2018
11359,15893,15985,1429,TUTI,25,25,5,5,2018
11363,20079,20180,1679,BTNW,15,15,5,5,2019
11373,21389,21512,1870,HOWA,-50,5,5,5,2020
11375,15733,15823,1398,BAWW,-50,-50,5,5,2018
11425,20145,20249,1682,BAWW,5,15,15,5,2019
11427,20531,20641,1803,OVEN,-50,-50,15,5,2020
11447,14929,15019,1351,BAWW,15,25,5,5,2018
11467,15769,15860,1420,BAWW,5,5,5,5,2018
11475,21187,21310,1852,OVEN,5,5,5,5,2020
11495,21833,21958,1906,OVEN,5,5,-50,5,2020
11501,19979,20080,1674,BAWW,25,-50,-50,5,2019
11525,11525,11609,1050,BLJA,-50,-50,-50,5,2017
11526,11526,11610,1050,BLJA,-50,-50,-50,5,2017
11590,6371,6435,606,TUTI,-50,-50,-50,-50,2016
11693,15528,15618,1394,BTNW,95,95,95,-50,2018
11718,13271,13359,1188,BLJA,-50,95,95,-50,2017
11719,13275,13363,1189,BTNW,-50,95,95,-50,2017
11725,13508,13596,1204,OVEN,-50,55,95,-50,2017
11736,12145,12230,1056,BLJA,-50,-50,95,-50,2017
11743,13914,14002,1222,BLJA,-50,-50,95,-50,2017
11755,18529,18627,1620,OVEN,-50,-50,95,-50,2019
11759,20460,20570,1801,BLJA,-50,-50,95,-50,2020
11763,8249,8327,780,OVEN,-50,-50,95,-50,2016
11805,12241,12326,1101,OVEN,85,85,85,-50,2017
11806,12242,12327,1101,BTNW,85,85,85,-50,2017
11829,7654,7730,725,OVEN,-50,85,85,-50,2016
11847,17986,18083,1548,OVEN,-50,85,85,-50,2019
11889,6330,6394,603,BLJA,-50,-50,85,-50,2016
11890,6341,6405,604,OVEN,-50,-50,85,-50,2016
11909,8208,8285,775,OVEN,-50,-50,85,-50,2016
11976,14755,14844,1264,HOWA,-50,85,85,-50,2017
11980,13233,13321,1185,OVEN,85,-50,85,-50,2017
12005,8906,8988,828,BLJA,85,85,85,-50,2016
12006,11520,11604,1049,TUTI,85,85,85,-50,2017
12027,8943,9025,833,BTNW,-50,85,85,-50,2016
12036,13134,13222,1117,BTNW,-50,85,85,-50,2017
12037,13270,13358,1188,BLJA,-50,85,85,-50,2017
12081,7856,7932,744,OVEN,-50,-50,85,-50,2016
12083,7973,8049,750,TUTI,-50,-50,85,-50,2016
12092,11523,11607,1050,OVEN,-50,-50,85,-50,2017
12113,18373,18471,1617,BLJA,-50,-50,85,-50,2019
12174,13463,13551,1201,OVEN,-50,85,75,-50,2017
12189,8215,8292,776,OVEN,75,75,75,-50,2016
12200,21862,21987,1907,BLJA,75,75,75,-50,2020
12235,20388,20494,1801,TUTI,-50,75,75,-50,2020
12236,21363,21486,1867,BLJA,-50,75,75,-50,2020
12309,10276,10359,941,TUTI,-50,-50,75,-50,2016
12318,14763,14852,1264,BLJA,-50,-50,75,-50,2017
12340,15814,15905,1422,OVEN,-50,75,75,-50,2018
12357,15431,15521,1356,BLJA,-50,-50,75,-50,2018
12358,16430,17282,1542,BLJA,-50,-50,75,-50,2019
12378,14861,14951,1346,HOWA,-50,-50,75,-50,2018
12395,12161,12246,1056,BAWW,75,75,75,-50,2017
12400,13338,13426,1195,OVEN,75,75,75,-50,2017
12407,17920,18017,1546,OVEN,75,75,75,-50,2019
12408,18657,18755,1654,HOWA,75,75,75,-50,2019
12423,8046,8123,759,BAWW,-50,75,75,-50,2016
12425,8271,8349,781,OVEN,-50,75,75,-50,2016
12479,7659,7735,725,OVEN,-50,-50,75,-50,2016
12485,10409,10492,944,TUTI,-50,-50,75,-50,2016
12486,10411,10494,944,TUTI,-50,-50,75,-50,2016
12497,13142,13230,1117,BTNW,-50,-50,75,-50,2017
12499,13304,13392,1193,OVEN,-50,-50,75,-50,2017
12506,15713,15803,1396,BLJA,-50,-50,75,-50,2018
12510,16402,17254,1438,BTNW,-50,-50,75,-50,2018
12553,20501,20611,1805,OVEN,-50,-50,75,-50,2020
12564,15414,15504,1354,BLJA,75,-50,75,-50,2018
12567,8194,8271,773,BTNW,-50,-50,75,-50,2016
12569,15797,15888,1421,OVEN,-50,-50,75,-50,2018
12609,10102,10185,852,TUTI,65,65,65,-50,2016
12621,18057,18154,1604,TUTI,65,65,65,-50,2019
12650,13886,13974,1214,TUTI,-50,65,65,-50,2017
12658,18683,18781,1656,BTNW,45,45,65,-50,2019
12687,18654,18752,1653,BTNW,35,-50,65,-50,2019
12729,8862,8944,797,OVEN,-50,-50,65,-50,2016
12763,20239,20344,1685,BLJA,-50,-50,65,-50,2019
12774,15416,15506,1355,BLJA,85,85,65,-50,2018
12793,15903,15995,1429,TUTI,-50,-50,65,-50,2018
12859,13289,13377,1190,TUTI,65,65,65,-50,2017
12870,13592,13680,1205,OVEN,55,65,65,-50,2017
12903,8992,9074,837,HOWA,65,-50,65,-50,2016
12930,6340,6404,604,BAWW,-50,-50,65,-50,2016
12932,8915,8997,830,BAWW,-50,-50,65,-50,2016
12935,9120,9202,843,BLJA,-50,-50,65,-50,2016
12950,13147,13235,1175,OVEN,-50,-50,65,-50,2017
12969,20418,20528,1801,HOWA,-50,-50,65,-50,2020
12984,9207,9289,851,HOWA,65,65,65,-50,2016
12985,9219,9301,851,BTNW,65,65,65,-50,2016
12993,8179,8256,771,BAWW,-50,-50,65,-50,2016
12994,15723,15813,1398,BAWW,-50,-50,65,-50,2018
13002,15727,15817,1398,TUTI,-50,65,65,-50,2018
13004,8126,8203,766,OVEN,35,35,65,-50,2016
13009,15423,15513,1355,OVEN,65,-50,65,-50,2018
13022,15701,15791,1396,BTNW,-50,-50,65,-50,2018
13075,13124,13212,1115,OVEN,55,55,55,-50,2017
13086,18388,18486,1619,BAWW,55,55,55,-50,2019
13137,18640,18738,1631,BTNW,-50,35,55,-50,2019
13138,10221,10304,938,BAWW,85,-50,55,-50,2016
13191,7891,7967,747,OVEN,-50,-50,55,-50,2016
13204,10180,10263,936,TUTI,-50,-50,55,-50,2016
13205,10192,10275,937,HOWA,-50,-50,55,-50,2016
13223,20237,20342,1685,TUTI,-50,-50,55,-50,2019
13268,15699,15789,1395,TUTI,55,55,55,-50,2018
13283,15721,15811,1397,BLJA,75,55,55,-50,2018
13337,16347,17198,1433,BTNW,55,55,55,-50,2018
13350,6360,6424,605,BTNW,35,55,55,-50,2016
13365,7847,7923,742,HOWA,-50,55,55,-50,2016
13388,21139,21262,1849,BLJA,-50,55,55,-50,2020
13391,8323,8402,785,BTNW,55,55,55,-50,2016
13393,11529,11613,1050,OVEN,45,45,55,-50,2017
13397,21756,21881,1905,OVEN,75,35,55,-50,2020
13405,15702,15792,1396,TUTI,25,25,55,-50,2018
13436,8037,8114,757,BAWW,-50,-50,55,-50,2016
13445,10202,10285,938,HOWA,-50,-50,55,-50,2016
13448,11498,11582,956,OVEN,-50,-50,55,-50,2016
13485,20961,21084,1830,BLJA,-50,-50,55,-50,2020
13486,20982,21105,1830,OVEN,-50,-50,55,-50,2020
13501,21165,21288,1852,BAWW,-50,-50,55,-50,2020
13510,15454,15544,1357,TUTI,55,55,55,-50,2018
13517,8202,8279,773,BAWW,-50,-50,55,-50,2016
13531,15460,15550,1370,HOWA,45,45,55,-50,2018
13599,13901,13989,1221,HOWA,45,45,45,-50,2017
13613,13960,14048,1244,HOWA,35,45,45,-50,2017
13617,20112,20215,1675,BTNW,15,45,45,-50,2019
13646,19955,20056,1660,TUTI,-50,45,45,-50,2019
13648,13476,13564,1202,BAWW,45,45,45,-50,2017
13656,8031,8107,757,OVEN,-50,25,45,-50,2016
13698,6328,6392,603,BLJA,-50,-50,45,-50,2016
13704,7635,7701,722,BLJA,-50,-50,45,-50,2016
13708,8978,9060,835,BAWW,-50,-50,45,-50,2016
13720,11554,11638,1052,OVEN,-50,-50,45,-50,2017
13723,13155,13243,1176,OVEN,-50,-50,45,-50,2017
13726,13644,13732,1212,OVEN,-50,-50,45,-50,2017
13744,20934,21057,1824,BLJA,-50,-50,45,-50,2020
13753,15739,15829,1398,BTNW,45,45,45,-50,2018
13771,15898,15990,1429,TUTI,45,45,45,-50,2018
13772,16404,17256,1438,BAWW,45,45,45,-50,2018
13773,15722,15812,1397,OVEN,35,45,45,-50,2018
13785,10397,10480,944,BAWW,45,-50,45,-50,2016
13786,13205,13293,1182,BAWW,45,-50,45,-50,2017
13795,9165,9247,844,BAWW,-50,-50,45,-50,2016
13806,16380,17232,1436,OVEN,-50,45,45,-50,2018
13845,10125,10208,854,OVEN,55,55,45,-50,2016
13869,8324,8403,785,OVEN,45,45,45,-50,2016
13871,9168,9250,848,BTNW,45,45,45,-50,2016
13872,9211,9293,851,OVEN,45,45,45,-50,2016
13893,20222,20327,1685,TUTI,45,45,45,-50,2019
13907,13127,13215,1115,OVEN,-50,45,45,-50,2017
13913,16366,17217,1435,OVEN,-50,45,45,-50,2018
13925,8175,8252,771,HOWA,25,25,45,-50,2016
13933,8955,9037,833,OVEN,55,-50,45,-50,2016
13966,8949,9031,833,OVEN,-50,-50,45,-50,2016
13967,9002,9084,838,OVEN,-50,-50,45,-50,2016
13976,13318,13406,1194,OVEN,-50,-50,45,-50,2017
13985,15824,15916,1423,BAWW,-50,-50,45,-50,2018
14010,15873,15965,1427,BAWW,-50,-50,45,-50,2018
14014,15892,15984,1429,BTNW,45,45,45,-50,2018
14018,13263,13351,1187,BTNW,-50,45,45,-50,2017
14022,15717,15807,1397,OVEN,-50,45,45,-50,2018
14076,13480,13568,1203,BAWW,-50,55,35,-50,2017
14125,14730,14819,1248,HOWA,35,35,35,-50,2017
14196,13358,13446,1198,OVEN,35,-50,35,-50,2017
14199,21819,21944,1906,BTNW,35,-50,35,-50,2020
14230,8950,9032,833,BTNW,-50,-50,35,-50,2016
14242,12294,12379,1109,BTNW,-50,-50,35,-50,2017
14267,20457,20567,1801,TUTI,-50,-50,35,-50,2020
14268,20717,20836,1823,BTNW,-50,-50,35,-50,2020
14309,14870,14960,1346,HOWA,-50,35,35,-50,2018
14342,8163,8240,768,OVEN,-50,35,35,-50,2016
14357,15745,15835,1399,OVEN,35,NA,35,-50,2018
14374,15413,15503,1354,OVEN,-50,-50,35,-50,2018
14389,6346,6410,604,TUTI,55,35,35,-50,2016
14422,12194,12279,1073,OVEN,35,35,35,-50,2017
14430,14923,15013,1351,HOWA,35,35,35,-50,2018
14432,15878,15970,1428,BTNW,35,35,35,-50,2018
14487,21189,21312,1852,OVEN,15,15,35,-50,2020
14500,13908,13996,1222,HOWA,35,-50,35,-50,2017
14584,20685,20802,1815,OVEN,-50,-50,35,-50,2020
14632,9095,9177,841,TUTI,-50,-50,35,-50,2016
14634,15459,15549,1357,BAWW,-50,-50,35,-50,2018
14650,15716,15806,1397,OVEN,-50,35,35,-50,2018
14661,13229,13317,1184,BAWW,-50,55,35,-50,2017
14673,15842,15934,1424,OVEN,-50,-50,35,-50,2018
14687,18352,18450,1616,TUTI,85,25,25,-50,2019
14691,8067,8144,760,BTNW,35,25,25,-50,2016
14728,13377,13465,1199,TUTI,25,25,25,-50,2017
14729,13385,13473,1200,BAWW,25,25,25,-50,2017
14744,20225,20330,1685,BTNW,25,25,25,-50,2019
14746,21136,21259,1849,TUTI,25,25,25,-50,2020
14747,21138,21261,1849,OVEN,25,25,25,-50,2020
14763,7642,7718,724,TUTI,-50,25,25,-50,2016
14764,8262,8340,781,OVEN,-50,25,25,-50,2016
14770,11542,11626,1051,BAWW,-50,25,25,-50,2017
14775,18097,18194,1607,OVEN,-50,25,25,-50,2019
14785,12254,12339,1104,OVEN,15,15,25,-50,2017
14789,8989,9071,837,HOWA,-50,15,25,-50,2016
14805,9081,9163,841,BTNW,25,-50,25,-50,2016
14834,8028,8104,757,HOWA,-50,-50,25,-50,2016
14868,21398,21521,1889,BAWW,-50,-50,25,-50,2020
14878,14868,14958,1346,OVEN,25,25,25,-50,2018
14880,15858,15950,1426,HOWA,-50,25,25,-50,2018
14897,13225,13313,1184,BAWW,25,25,25,-50,2017
14900,15897,15989,1429,BAWW,25,25,25,-50,2018
14907,15400,15490,1354,BLJA,-50,25,25,-50,2018
14909,19939,20040,1658,HOWA,35,15,25,-50,2019
14943,20127,20230,1680,OVEN,-50,-50,25,-50,2019
14946,15709,15799,1396,TUTI,35,25,25,-50,2018
14957,15881,15973,1428,BTNW,-50,-50,25,-50,2018
14964,9000,9082,838,OVEN,35,35,25,-50,2016
14970,13909,13997,1222,BTNW,35,35,25,-50,2017
14989,7646,7722,724,BAWW,25,25,25,-50,2016
15022,9189,9271,848,BTNW,-50,25,25,-50,2016
15039,12309,12394,1110,OVEN,15,15,25,-50,2017
15044,12255,12340,1104,OVEN,25,15,25,-50,2017
15051,6300,6364,601,HOWA,25,-50,25,-50,2016
15055,18338,18436,1614,HOWA,25,-50,25,-50,2019
15095,15744,15834,1399,OVEN,-50,-50,25,-50,2018
15141,7994,8070,753,HOWA,15,25,25,-50,2016
15149,20104,20206,1680,OVEN,25,-50,25,-50,2019
15160,15845,15937,1425,BTNW,45,25,25,-50,2018
15166,15832,15924,1424,BAWW,25,25,25,-50,2018
15168,10114,10197,853,BAWW,25,25,25,-50,2016
15207,20116,20219,1675,BTNW,65,65,15,-50,2019
15212,10218,10301,938,TUTI,45,45,15,-50,2016
15218,13635,13723,1212,BAWW,45,25,15,-50,2017
15223,21744,21869,1892,OVEN,45,15,15,-50,2020
15245,10257,10340,941,HOWA,15,15,15,-50,2016
15266,21891,22016,1908,OVEN,15,15,15,-50,2020
15267,18074,18171,1605,HOWA,15,15,15,-50,2019
15285,11490,11574,956,BAWW,-50,15,15,-50,2016
15286,12338,12423,1112,OVEN,-50,15,15,-50,2017
15291,15533,15623,1394,BLJA,-50,15,15,-50,2018
15309,20954,21077,1828,OVEN,15,-50,15,-50,2020
15337,10259,10342,941,OVEN,-50,-50,15,-50,2016
15363,20931,21054,1824,BAWW,-50,-50,15,-50,2020
15368,21761,21886,1905,BAWW,-50,-50,15,-50,2020
15373,20137,20241,1681,HOWA,15,15,15,-50,2019
15374,15763,15853,1401,HOWA,45,5,15,-50,2018
15385,15409,15499,1354,TUTI,25,15,15,-50,2018
15434,7637,7713,723,OVEN,15,15,15,-50,2016
15459,17898,17995,1544,BAWW,-50,25,15,-50,2019
15464,20233,20338,1685,HOWA,25,25,15,-50,2019
15471,18643,18741,1631,OVEN,25,15,15,-50,2019
15487,11515,11599,1049,BAWW,15,15,15,-50,2017
15511,13308,13396,1193,BAWW,-50,15,15,-50,2017
15517,20234,20339,1685,HOWA,-50,15,15,-50,2019
15560,17936,18033,1547,OVEN,-50,-50,15,-50,2019
15561,18360,18458,1616,BLJA,-50,-50,15,-50,2019
15587,20687,20805,1815,HOWA,-50,-50,15,-50,2020
15618,14928,15018,1351,OVEN,-50,15,15,-50,2018
15650,21478,21601,1891,BAWW,5,5,5,-50,2020
15671,20293,20399,1800,BAWW,5,-50,5,-50,2020
15678,6372,6436,606,BAWW,-50,-50,5,-50,2016
15679,6373,6437,606,BAWW,-50,-50,5,-50,2016
15703,20996,21119,1832,BAWW,-50,-50,5,-50,2020
15711,6358,6422,605,HOWA,-50,15,5,-50,2016
15712,21388,21511,1870,HOWA,5,5,5,-50,2020
15722,15463,15553,1370,OVEN,-50,-50,5,-50,2018
15732,17900,17997,1544,BAWW,-50,15,5,-50,2019
15735,10186,10269,936,OVEN,-50,5,5,-50,2016
15750,8305,8384,784,HOWA,-50,-50,5,-50,2016
15757,21130,21253,1848,HOWA,-50,-50,5,-50,2020
15858,6307,6371,602,BLJA,95,95,-50,-50,2016
15865,14748,14837,1254,OVEN,95,95,-50,-50,2017
15870,18003,18100,1552,TUTI,95,95,-50,-50,2019
15871,18347,18445,1615,TUTI,95,95,-50,-50,2019
15878,13924,14012,1224,HOWA,35,95,-50,-50,2017
15886,6323,6387,602,TUTI,-50,95,-50,-50,2016
15889,8201,8278,775,OVEN,-50,95,-50,-50,2016
15916,18328,18425,1614,OVEN,-50,95,-50,-50,2019
15918,18393,18491,1619,HOWA,-50,95,-50,-50,2019
15967,13495,13583,1203,HOWA,85,85,-50,-50,2017
15970,15494,15584,1390,OVEN,85,85,-50,-50,2018
15980,21733,21858,1892,OVEN,85,85,-50,-50,2020
16016,7902,7978,747,TUTI,-50,85,-50,-50,2016
16032,11547,11631,1052,HOWA,-50,85,-50,-50,2017
16076,11712,11796,1053,BTNW,85,85,-50,-50,2017
16086,8152,8229,768,BAWW,-50,85,-50,-50,2016
16107,7835,7911,741,BTNW,85,85,-50,-50,2016
16108,8263,8341,782,BAWW,85,85,-50,-50,2016
16118,12191,12276,1073,OVEN,85,85,-50,-50,2017
16120,13220,13308,1183,BLJA,85,85,-50,-50,2017
16121,13273,13361,1189,BAWW,85,85,-50,-50,2017
16125,13922,14010,1224,OVEN,85,85,-50,-50,2017
16128,14735,14824,1251,BAWW,85,85,-50,-50,2017
16164,12205,12290,1073,OVEN,-50,85,-50,-50,2017
16177,13911,13999,1222,BTNW,-50,85,-50,-50,2017
16180,15437,15527,1356,HOWA,-50,85,-50,-50,2018
16191,20394,20500,1801,BLJA,-50,85,-50,-50,2020
16210,15522,15612,1393,TUTI,85,85,-50,-50,2018
16212,14729,14818,1248,BAWW,-50,85,-50,-50,2017
16229,20546,20656,1806,BTNW,-50,85,-50,-50,2020
16348,10318,10401,942,BTNW,-50,75,-50,-50,2016
16368,13165,13253,1178,BAWW,-50,75,-50,-50,2017
16371,13462,13550,1201,OVEN,-50,75,-50,-50,2017
16391,20957,21080,1828,OVEN,-50,75,-50,-50,2020
16392,21116,21239,1836,BLJA,-50,75,-50,-50,2020
16449,7977,8053,750,TUTI,75,75,-50,-50,2016
16458,12149,12234,1056,TUTI,75,75,-50,-50,2017
16464,13314,13402,1193,OVEN,75,75,-50,-50,2017
16466,13987,14075,1245,TUTI,75,75,-50,-50,2017
16473,16391,17243,1437,BAWW,75,75,-50,-50,2018
16498,8041,8118,758,BTNW,-50,75,-50,-50,2016
16520,15407,15497,1354,OVEN,-50,75,-50,-50,2018
16528,18656,18754,1653,HOWA,-50,75,-50,-50,2019
16530,20131,20235,1681,BLJA,-50,75,-50,-50,2019
16531,20528,20638,1805,HOWA,-50,75,-50,-50,2020
16554,8942,9024,832,OVEN,75,75,-50,-50,2016
16561,8941,9023,832,HOWA,-50,75,-50,-50,2016
16578,8309,8388,785,TUTI,-50,75,-50,-50,2016
16637,8860,8942,797,OVEN,65,65,-50,-50,2016
16649,13282,13370,1189,BAWW,65,65,-50,-50,2017
16703,8294,8373,783,OVEN,-50,65,-50,-50,2016
16705,8980,9062,835,OVEN,-50,65,-50,-50,2016
16733,13636,13724,1212,OVEN,-50,65,-50,-50,2017
16780,14832,14922,1334,BTNW,65,65,-50,-50,2018
16796,15458,15548,1357,BLJA,-50,65,-50,-50,2018
16881,6378,6442,606,BLJA,-50,65,-50,-50,2016
16886,8879,8961,798,BTNW,-50,65,-50,-50,2016
16890,11518,11602,1049,BAWW,-50,65,-50,-50,2017
16923,18644,18742,1631,BTNW,-50,65,-50,-50,2019
16948,14920,15010,1351,BLJA,-50,65,-50,-50,2018
17059,18636,18734,1631,BTNW,55,55,-50,-50,2019
17110,10109,10192,853,BTNW,-50,55,-50,-50,2016
17146,19953,20054,1660,BLJA,-50,55,-50,-50,2019
17168,16378,17230,1436,BAWW,55,55,-50,-50,2018
17198,9220,9302,851,BLJA,-50,55,-50,-50,2016
17203,13896,13984,1221,TUTI,85,55,-50,-50,2017
17210,14831,14921,1334,BAWW,65,55,-50,-50,2018
17239,10094,10177,852,OVEN,55,55,-50,-50,2016
17259,16321,17172,1431,TUTI,55,55,-50,-50,2018
17270,18515,18613,1620,OVEN,55,55,-50,-50,2019
17271,18602,18700,1627,BTNW,55,55,-50,-50,2019
17277,21000,21123,1832,BAWW,55,55,-50,-50,2020
17280,18076,18173,1605,OVEN,45,55,-50,-50,2019
17284,12311,12396,1110,HOWA,25,55,-50,-50,2017
17301,8055,8132,758,OVEN,-50,55,-50,-50,2016
17303,8279,8357,781,OVEN,-50,55,-50,-50,2016
17307,10184,10267,936,OVEN,-50,55,-50,-50,2016
17317,13877,13965,1214,OVEN,-50,55,-50,-50,2017
17338,20485,20595,1803,OVEN,-50,55,-50,-50,2020
17421,6311,6375,602,BAWW,45,45,-50,-50,2016
17446,10183,10266,936,HOWA,45,45,-50,-50,2016
17455,12193,12278,1073,BAWW,45,45,-50,-50,2017
17456,12251,12336,1104,BTNW,45,45,-50,-50,2017
17470,18073,18170,1605,BAWW,45,45,-50,-50,2019
17471,18080,18177,1606,TUTI,45,45,-50,-50,2019
17476,19964,20065,1667,OVEN,45,45,-50,-50,2019
17494,21860,21985,1907,BTNW,25,45,-50,-50,2020
17499,15809,15900,1422,BAWW,25,45,-50,-50,2018
17518,6382,6446,606,BAWW,-50,45,-50,-50,2016
17531,8019,8095,755,OVEN,-50,45,-50,-50,2016
17549,13359,13447,1198,OVEN,-50,45,-50,-50,2017
17642,15476,15566,1370,BAWW,-50,45,-50,-50,2018
17647,8039,8116,757,BTNW,65,45,-50,-50,2016
17657,21859,21984,1907,HOWA,45,45,-50,-50,2020
17698,13256,13344,1187,OVEN,45,45,-50,-50,2017
17704,13878,13966,1214,TUTI,45,45,-50,-50,2017
17731,15496,15586,1390,BAWW,35,45,-50,-50,2018
17765,8810,8892,789,BLJA,-50,45,-50,-50,2016
17791,16338,17189,1432,TUTI,-50,45,-50,-50,2018
17847,8946,9028,833,OVEN,-50,45,-50,-50,2016
17859,9208,9290,851,BAWW,45,45,-50,-50,2016
17865,9082,9164,841,TUTI,-50,45,-50,-50,2016
17879,11722,11806,1053,TUTI,45,45,-50,-50,2017
17886,17921,18018,1546,BTNW,55,35,-50,-50,2019
17893,20493,20603,1803,OVEN,45,35,-50,-50,2020
17930,9154,9236,844,HOWA,35,35,-50,-50,2016
17947,12326,12411,1112,BAWW,35,35,-50,-50,2017
17952,13136,13224,1117,OVEN,35,35,-50,-50,2017
17954,13172,13260,1178,BAWW,35,35,-50,-50,2017
17979,20224,20329,1685,OVEN,35,35,-50,-50,2019
18016,8260,8338,779,OVEN,-50,35,-50,-50,2016
18017,8293,8372,783,HOWA,-50,35,-50,-50,2016
18034,12266,12351,1107,BLJA,-50,35,-50,-50,2017
18051,20140,20244,1682,BAWW,-50,35,-50,-50,2019
18052,20157,20261,1682,TUTI,-50,35,-50,-50,2019
18079,8244,8322,780,OVEN,35,35,-50,-50,2016
18080,8259,8337,779,BAWW,35,35,-50,-50,2016
18081,8976,9058,835,OVEN,35,35,-50,-50,2016
18088,8099,8176,763,TUTI,-50,35,-50,-50,2016
18116,20680,20797,1815,HOWA,-50,35,-50,-50,2020
18122,9199,9281,850,OVEN,45,35,-50,-50,2016
18135,9093,9175,841,BAWW,-50,35,-50,-50,2016
18145,10304,10387,942,BTNW,75,35,-50,-50,2016
18146,13123,13211,1115,BAWW,75,35,-50,-50,2017
18147,18668,18766,1654,BAWW,65,35,-50,-50,2019
18168,8221,8298,776,BAWW,35,35,-50,-50,2016
18183,13118,13206,1114,HOWA,35,35,-50,-50,2017
18189,13982,14070,1245,BLJA,35,35,-50,-50,2017
18201,18102,18199,1607,OVEN,35,35,-50,-50,2019
18207,19990,20091,1676,BAWW,35,35,-50,-50,2019
18208,20283,20389,1800,TUTI,35,35,-50,-50,2020
18216,9161,9243,844,HOWA,25,35,-50,-50,2016
18247,10299,10382,942,BAWW,-50,35,-50,-50,2016
18251,12296,12381,1109,OVEN,-50,35,-50,-50,2017
18284,21118,21241,1836,OVEN,-50,35,-50,-50,2020
18293,12178,12263,1069,OVEN,65,35,-50,-50,2017
18298,14926,15016,1351,HOWA,35,35,-50,-50,2018
18306,21190,21313,1852,HOWA,-50,35,-50,-50,2020
18312,8034,8110,757,BTNW,35,35,-50,-50,2016
18323,9213,9295,851,BLJA,-50,35,-50,-50,2016
18325,14876,14966,1347,TUTI,-50,35,-50,-50,2018
18338,14823,14913,1333,BTNW,35,35,-50,-50,2018
18348,8214,8291,777,BAWW,-50,35,-50,-50,2016
18351,10574,10657,947,HOWA,-50,35,-50,-50,2016
18355,14883,14973,1347,TUTI,-50,35,-50,-50,2018
18418,13465,13553,1201,OVEN,25,25,-50,-50,2017
18440,20141,20245,1682,OVEN,25,25,-50,-50,2019
18494,13323,13411,1194,OVEN,-50,25,-50,-50,2017
18519,19986,20087,1674,HOWA,-50,25,-50,-50,2019
18530,21360,21483,1867,TUTI,-50,25,-50,-50,2020
18545,9153,9235,844,BAWW,25,25,-50,-50,2016
18550,14829,14919,1333,BTNW,25,25,-50,-50,2018
18555,15772,15863,1420,TUTI,25,25,-50,-50,2018
18565,12307,12392,1110,OVEN,-50,25,-50,-50,2017
18568,14886,14976,1347,OVEN,-50,25,-50,-50,2018
18579,20512,20622,1805,BTNW,-50,25,-50,-50,2020
18589,8198,8275,773,BTNW,25,25,-50,-50,2016
18590,14937,15027,1352,OVEN,25,25,-50,-50,2018
18595,15401,15491,1354,BLJA,-50,25,-50,-50,2018
18599,20479,20589,1802,BAWW,-50,25,-50,-50,2020
18616,10122,10205,854,BTNW,45,25,-50,-50,2016
18641,6291,6355,601,BAWW,25,25,-50,-50,2016
18645,8247,8325,779,BAWW,25,25,-50,-50,2016
18653,11541,11625,1051,HOWA,25,25,-50,-50,2017
18687,6350,6414,604,TUTI,15,25,-50,-50,2016
18690,8995,9077,836,BAWW,15,25,-50,-50,2016
18693,20951,21074,1828,OVEN,15,25,-50,-50,2020
18752,21386,21509,1870,OVEN,-50,25,-50,-50,2020
18773,15862,15954,1426,HOWA,25,25,-50,-50,2018
18778,8288,8367,781,OVEN,15,25,-50,-50,2016
18780,21180,21303,1852,OVEN,-50,25,-50,-50,2020
18781,21182,21305,1852,OVEN,-50,25,-50,-50,2020
18796,10306,10389,942,BAWW,-50,25,-50,-50,2016
18797,10393,10476,944,OVEN,-50,25,-50,-50,2016
18820,18626,18724,1630,OVEN,45,15,-50,-50,2019
18859,14833,14923,1335,OVEN,15,15,-50,-50,2018
18861,15470,15560,1370,BAWW,15,15,-50,-50,2018
18873,20492,20602,1803,OVEN,15,15,-50,-50,2020
18880,8972,9054,835,TUTI,15,15,-50,-50,2016
18891,8868,8950,798,BAWW,-50,15,-50,-50,2016
18935,20949,21072,1828,HOWA,-50,15,-50,-50,2020
18959,13182,13270,1180,HOWA,25,15,-50,-50,2017
18961,8923,9005,830,BAWW,25,15,-50,-50,2016
18997,9202,9284,848,TUTI,15,15,-50,-50,2016
19020,21119,21242,1844,TUTI,35,15,-50,-50,2020
19021,20227,20332,1685,BAWW,25,15,-50,-50,2019
19027,20211,20316,1684,HOWA,15,15,-50,-50,2019
19044,13950,14038,1243,BAWW,15,15,-50,-50,2017
19093,21371,21494,1867,HOWA,-50,15,-50,-50,2020
19098,14887,14977,1347,BTNW,25,15,-50,-50,2018
19122,6332,6396,604,OVEN,-50,15,-50,-50,2016
19173,8314,8393,785,OVEN,-50,5,-50,-50,2016
19230,20514,20624,1803,OVEN,15,5,-50,-50,2020
19249,20706,20825,1823,HOWA,-50,5,-50,-50,2020
19316,13627,13715,1212,OVEN,95,-50,-50,-50,2017
19347,12253,12338,1104,OVEN,95,-50,-50,-50,2017
19358,14764,14853,1264,BTNW,95,-50,-50,-50,2017
19391,16370,17221,1435,BLJA,95,-50,-50,-50,2018
19450,7842,7918,742,TUTI,85,-50,-50,-50,2016
19465,12330,12415,1112,TUTI,85,-50,-50,-50,2017
19517,15900,15992,1429,HOWA,85,-50,-50,-50,2018
19533,8040,8117,758,OVEN,85,-50,-50,-50,2016
19554,13316,13404,1194,TUTI,85,-50,-50,-50,2017
19559,13598,13686,1211,BLJA,85,-50,-50,-50,2017
19585,18371,18469,1617,OVEN,85,-50,-50,-50,2019
19595,20555,20665,1807,TUTI,85,-50,-50,-50,2020
19613,15839,15931,1424,BAWW,85,-50,-50,-50,2018
19614,15888,15980,1428,OVEN,85,-50,-50,-50,2018
19617,11726,11810,1053,HOWA,85,-50,-50,-50,2017
19639,6326,6390,603,OVEN,75,-50,-50,-50,2016
19665,7651,7727,725,TUTI,75,-50,-50,-50,2016
19668,8292,8371,783,OVEN,75,-50,-50,-50,2016
19688,10386,10469,944,OVEN,75,-50,-50,-50,2016
19706,13482,13570,1203,HOWA,75,-50,-50,-50,2017
19733,20988,21111,1832,OVEN,75,-50,-50,-50,2020
19754,8154,8231,768,HOWA,75,-50,-50,-50,2016
19808,11500,11584,970,OVEN,75,-50,-50,-50,2016
19828,13897,13985,1221,OVEN,75,-50,-50,-50,2017
19829,14065,14154,1246,OVEN,75,-50,-50,-50,2017
19859,20553,20663,1807,TUTI,75,-50,-50,-50,2020
19911,6322,6386,602,OVEN,65,-50,-50,-50,2016
19957,10286,10369,942,TUTI,65,-50,-50,-50,2016
19972,13527,13615,1204,BAWW,65,-50,-50,-50,2017
19987,18085,18182,1606,BLJA,65,-50,-50,-50,2019
20009,20984,21107,1830,OVEN,65,-50,-50,-50,2020
20012,21858,21983,1907,BTNW,65,-50,-50,-50,2020
20023,11759,11843,1055,BTNW,65,-50,-50,-50,2017
20034,20482,20592,1802,OVEN,65,-50,-50,-50,2020
20073,8150,8227,768,OVEN,65,-50,-50,-50,2016
20076,8422,8501,787,OVEN,65,-50,-50,-50,2016
20098,13457,13545,1201,BAWW,65,-50,-50,-50,2017
20114,15872,15964,1427,BTNW,65,-50,-50,-50,2018
20117,16381,17233,1436,HOWA,65,-50,-50,-50,2018
20124,18104,18201,1607,TUTI,65,-50,-50,-50,2019
20142,19959,20060,1667,BLJA,65,-50,-50,-50,2019
20164,8944,9026,833,BAWW,65,-50,-50,-50,2016
20171,20542,20652,1806,TUTI,65,-50,-50,-50,2020
20172,20543,20653,1806,TUTI,65,-50,-50,-50,2020
20250,7650,7726,725,TUTI,55,-50,-50,-50,2016
20260,8806,8888,789,OVEN,55,-50,-50,-50,2016
20261,8859,8941,797,OVEN,55,-50,-50,-50,2016
20283,11511,11595,1049,BAWW,55,-50,-50,-50,2017
20286,12181,12266,1069,BLJA,55,-50,-50,-50,2017
20311,17903,18000,1545,OVEN,55,-50,-50,-50,2019
20340,7927,8003,749,OVEN,55,-50,-50,-50,2016
20384,8857,8939,797,BTNW,55,-50,-50,-50,2016
20401,13112,13200,1113,HOWA,55,-50,-50,-50,2017
20461,14872,14962,1346,BLJA,55,-50,-50,-50,2018
20462,14892,14982,1348,BLJA,55,-50,-50,-50,2018
20468,20506,20616,1805,OVEN,55,-50,-50,-50,2020
20504,15743,15833,1398,BAWW,55,-50,-50,-50,2018
20555,7641,7717,724,BTNW,45,-50,-50,-50,2016
20587,13173,13261,1178,BAWW,45,-50,-50,-50,2017
20618,20929,21052,1824,HOWA,45,-50,-50,-50,2020
20650,16408,17260,1438,BTNW,45,-50,-50,-50,2018
20667,8125,8202,766,BAWW,45,-50,-50,-50,2016
20689,21215,21338,1853,TUTI,45,-50,-50,-50,2020
20723,8855,8937,797,OVEN,45,-50,-50,-50,2016
20726,8959,9041,832,BLJA,45,-50,-50,-50,2016
20727,9191,9273,850,BLJA,45,-50,-50,-50,2016
20741,11713,11797,1053,OVEN,45,-50,-50,-50,2017
20749,12281,12366,1108,OVEN,45,-50,-50,-50,2017
20759,13892,13980,1215,BLJA,45,-50,-50,-50,2017
20766,15438,15528,1356,TUTI,45,-50,-50,-50,2018
20780,17987,18084,1548,BAWW,45,-50,-50,-50,2019
20786,18382,18480,1618,BTNW,45,-50,-50,-50,2019
20816,20994,21117,1832,OVEN,45,-50,-50,-50,2020
20818,21196,21319,1853,HOWA,45,-50,-50,-50,2020
20927,8858,8940,797,OVEN,35,-50,-50,-50,2016
20928,8971,9053,835,BLJA,35,-50,-50,-50,2016
20940,11556,11640,1052,BAWW,35,-50,-50,-50,2017
20944,12154,12239,1056,OVEN,35,-50,-50,-50,2017
20945,12157,12242,1056,OVEN,35,-50,-50,-50,2017
20952,14919,15009,1350,HOWA,35,-50,-50,-50,2018
20973,18637,18735,1631,OVEN,35,-50,-50,-50,2019
20988,20288,20394,1800,OVEN,35,-50,-50,-50,2020
20994,20515,20625,1805,BAWW,35,-50,-50,-50,2020
21002,21146,21269,1849,OVEN,35,-50,-50,-50,2020
21007,21801,21926,1905,BAWW,35,-50,-50,-50,2020
21009,21803,21928,1905,TUTI,35,-50,-50,-50,2020
21017,11754,11838,1055,OVEN,35,-50,-50,-50,2017
21037,14835,14925,1335,BLJA,35,-50,-50,-50,2018
21048,20658,20773,1814,BAWW,35,-50,-50,-50,2020
21065,20075,20176,1679,OVEN,35,-50,-50,-50,2019
21109,6339,6403,604,OVEN,35,-50,-50,-50,2016
21141,14856,14946,1346,BTNW,35,-50,-50,-50,2018
21222,15857,15949,1426,OVEN,35,-50,-50,-50,2018
21241,20545,20655,1806,HOWA,35,-50,-50,-50,2020
21242,20548,20658,1807,HOWA,35,-50,-50,-50,2020
21255,8877,8959,798,HOWA,35,-50,-50,-50,2016
21333,9004,9086,838,OVEN,25,-50,-50,-50,2016
21341,10115,10198,853,TUTI,25,-50,-50,-50,2016
21356,13983,14071,1245,BLJA,25,-50,-50,-50,2017
21394,20446,20556,1801,BTNW,25,-50,-50,-50,2020
21409,7865,7941,743,BAWW,25,-50,-50,-50,2016
21413,15864,15956,1426,TUTI,25,-50,-50,-50,2018
21428,11753,11837,1055,BAWW,25,-50,-50,-50,2017
21435,15149,15239,1353,OVEN,25,-50,-50,-50,2018
21439,16323,17174,1431,HOWA,25,-50,-50,-50,2018
21537,13150,13238,1175,BAWW,25,-50,-50,-50,2017
21538,13181,13269,1180,OVEN,25,-50,-50,-50,2017
21540,13324,13412,1194,HOWA,25,-50,-50,-50,2017
21545,14884,14974,1347,BAWW,25,-50,-50,-50,2018
21587,20541,20651,1806,BTNW,25,-50,-50,-50,2020
21588,20547,20657,1807,BAWW,25,-50,-50,-50,2020
21595,21126,21249,1844,BTNW,25,-50,-50,-50,2020
21598,21361,21484,1867,BTNW,25,-50,-50,-50,2020
21621,8411,8490,786,BAWW,25,-50,-50,-50,2016
21623,9146,9228,844,OVEN,25,-50,-50,-50,2016
21628,14871,14961,1346,BAWW,25,-50,-50,-50,2018
21634,20475,20585,1802,OVEN,25,-50,-50,-50,2020
21635,20716,20835,1823,BTNW,25,-50,-50,-50,2020
21668,20519,20629,1805,OVEN,25,-50,-50,-50,2020
21682,20677,20794,1815,BTNW,25,-50,-50,-50,2020
21702,6351,6415,604,TUTI,15,-50,-50,-50,2016
21713,8070,8147,760,BAWW,15,-50,-50,-50,2016
21726,10264,10347,941,BTNW,15,-50,-50,-50,2016
21739,12310,12395,1110,OVEN,15,-50,-50,-50,2017
21761,18075,18172,1605,TUTI,15,-50,-50,-50,2019
21781,20944,21067,1828,BAWW,15,-50,-50,-50,2020
21782,20955,21078,1828,BAWW,15,-50,-50,-50,2020
21845,20087,20188,1679,HOWA,15,-50,-50,-50,2019
21853,20695,20814,1818,HOWA,15,-50,-50,-50,2020
21854,20708,20827,1823,BAWW,15,-50,-50,-50,2020
21892,15518,15608,1393,BAWW,15,-50,-50,-50,2018
21948,8119,8196,765,HOWA,15,-50,-50,-50,2016
21956,20537,20647,1806,TUTI,15,-50,-50,-50,2020
21957,20538,20648,1806,TUTI,15,-50,-50,-50,2020
22005,7645,7721,724,BTNW,5,-50,-50,-50,2016
22030,10112,10195,853,TUTI,5,-50,-50,-50,2016
22035,20673,20790,1815,BAWW,5,-50,-50,-50,2020